Year,Mortgage_Rate_pct
2018,4.539041666666667
2019,3.93375
2020,3.113666666666667
2021,2.9557083333333334
2022,5.3275
2023,6.795375
2024,6.7236666666666665
